"","CHR","POS","Growth_OcLS15_08","OcLF17_050","OcLF17_115","OcLF17_134","OcLF15_159","OcLanS17_004","OcLanS17_152","OcLanS17_228","OcLang16_185","OcLang16_407"
"1","omy01",5604546,NA,"0","0","0","0","0","0","0","0","0"
"2","omy01",17296573,"0","0","0","0","0",NA,NA,NA,"0","0"
"3","omy01",17416331,NA,"0","0","0","0","0","0","0","0","0"
"4","omy01",18194301,NA,NA,"0","0","0","0","0","0","0","0"
"5","omy01",18194374,NA,"0","0","0","0","0","0","0","0","0"
"6","omy01",21128706,NA,"0","0","0","0","0","0","0","0","0"
"7","omy01",21128721,NA,"0","0","0","0","0","0","0","0","0"
"8","omy01",22488171,NA,"0","0","0","0",NA,NA,NA,"0","0"
"9","omy01",23451865,NA,"0","0","0","0","0","0","0","0","0"
"10","omy01",23451866,NA,"0","0","0","0","0","0","0","0","0"
"11","omy01",23451878,NA,"0","0","0","0","0","0","0","0","0"
"12","omy01",23890169,NA,"0","0","0","0","0","0",NA,"0","0"
"13","omy01",26975703,NA,"0","0","0","0","0","0","0","0","0"
"14","omy01",27802268,"0","0","0","0","0","0","0","0","0","0"
"15","omy01",27802279,"0","0","0","0","0","0","0","0","0","0"
"16","omy01",30587764,NA,"0","0","0","0","0","0","0","0","0"
"17","omy01",33568023,"0","0","0","0","0","0","0","0","0","0"
"18","omy01",40662258,NA,"0","0","0","0",NA,"0","0",NA,NA
"19","omy01",43294241,NA,"0","0","0","0","0","0","0","0","0"
"20","omy01",49750542,NA,"0","0","0",NA,"0","0","0",NA,"0"
"21","omy01",49750611,NA,"0","0","0","0","0","0","0",NA,"0"
"22","omy01",49750635,NA,"0","0","0","0","0","0","0",NA,"0"
"23","omy01",49911820,NA,"0","0","0",NA,NA,"0","0",NA,NA
"24","omy01",57827222,NA,"0","0","0",NA,"0","0",NA,NA,NA
"25","omy01",57827231,"0","0","0","0",NA,NA,NA,NA,"0","0"
"26","omy01",58772841,NA,"0","0","0","0",NA,"0","0","0","0"
"27","omy01",60876062,NA,"0","0","0","0","0","0","0","0","0"
"28","omy01",64660721,"0","0","0","0","0","0","0","0","0","0"
"29","omy01",66548982,NA,"0","0","0","0","0","0","0","0","0"
"30","omy01",70051621,NA,"0","0","0",NA,"0","0","0",NA,NA
"31","omy01",75704676,NA,"0","0","0","0","0","0","0","0","0"
"32","omy01",79199860,NA,"0","0","0","0","0","0",NA,"0","0"
"33","omy02",10014612,NA,"0","0","0","0","0","0","0","0","0"
"34","omy02",18514362,NA,"0","0","0",NA,"0","0",NA,"0","0"
"35","omy02",23916136,NA,"0","0","0","0","0","0","0","0","0"
"36","omy02",33395300,NA,"0",NA,"0","0","0","0","0","0","0"
"37","omy02",42698722,NA,"0","0","0","0","0","0","0","0","0"
"38","omy02",47922853,NA,"0","0","0","0","0","0","1","0","0"
"39","omy02",47922867,NA,"0","0","0","0",NA,NA,NA,"0","0"
"40","omy02",50180416,"0","0","0","0","0","0","0","0","0","0"
"41","omy02",57788039,NA,"0","0","0","0","0","0","0","0","0"
"42","omy02",73952390,NA,"0","0","0","0","0",NA,"0","0","0"
"43","omy02",79077642,"0","0","0","0","0","0","0","1","0","0"
"44","omy02",82320541,NA,"0","0","0","0","0","0",NA,"0","0"
"45","omy03",22633900,NA,"0","0","0",NA,"0","0","0",NA,NA
"46","omy03",25825660,NA,"0","0","0",NA,"0","0",NA,NA,NA
"47","omy03",25825662,NA,"0","0","0",NA,"0","0",NA,NA,NA
"48","omy03",26554350,NA,NA,NA,NA,NA,"0","0","0",NA,NA
"49","omy03",28532045,NA,"0","0","0","0","0","0","0","0","0"
"50","omy03",52408101,NA,"0","0","0","0","0","0","0","0","0"
"51","omy03",52408105,NA,"0","0","0","0","0","0","0","0","0"
"52","omy03",63656849,NA,"0","0","0","0","0","0","0","0","0"
"53","omy03",69237035,NA,NA,NA,NA,"0",NA,NA,NA,"0","0"
"54","omy03",70168199,NA,"0","0","0","0","0","0","0",NA,NA
"55","omy04",17200884,NA,"0","0","0","0","0","0","1","0","0"
"56","omy04",27571624,NA,"0","0","0",NA,"0","0","1","0",NA
"57","omy04",39325305,NA,"0","0","0","0","0","0","1","0","0"
"58","omy04",39363432,NA,"0","0","0","0","0","0","1","0","0"
"59","omy04",45901327,NA,"0","0","0","0","0","0",NA,"0","0"
"60","omy04",54936511,NA,"0","0","0","0","0","0","1","0","0"
"61","omy04",57700873,NA,"0","0","0","0","0","0","1","0","0"
"62","omy04",60465956,NA,"0","0","0",NA,"0","0","0","0","0"
"63","omy05",20854469,NA,"0","0","0",NA,NA,NA,NA,NA,NA
"64","omy05",31843495,NA,"0","0","0","0","0","0","0",NA,NA
"65","omy05",31843496,NA,"0","0","0","0","0","0","0",NA,NA
"66","omy05",33299685,NA,"0","0","0",NA,"0","0","0",NA,NA
"67","omy05",33299691,NA,"0","0","0",NA,"0","0","0",NA,NA
"68","omy05",37197370,NA,"0","0","0",NA,"0","0","0",NA,NA
"69","omy05",54894173,NA,"0","0","0","0","0","0","0","0","0"
"70","omy05",54894223,NA,"0","0","0","0","0","0","0","0","0"
"71","omy05",54894239,NA,"0","0","0","0","0","0","0","0","0"
"72","omy05",61298115,NA,"0","0","0","0","0","0","0","0","0"
"73","omy05",61628124,NA,"0","0","0","0","0",NA,"0","0","0"
"74","omy05",64867506,NA,"0","0","0",NA,"0","0","0",NA,"0"
"75","omy06",6207064,NA,"0","0","0","0",NA,NA,NA,"0","0"
"76","omy06",6207136,NA,"0","0","0","0","0","0","0","0","0"
"77","omy06",11753158,NA,"0","0","0",NA,"0","0","0",NA,NA
"78","omy06",16746054,NA,"0","0","0","0","0",NA,"0","0","0"
"79","omy06",20734495,NA,"0","0","0","0","0","0","0","0","0"
"80","omy06",36833264,NA,"0","0","0",NA,"0","0","0","0","0"
"81","omy06",47409894,NA,"0","0","0",NA,"0","0",NA,NA,"0"
"82","omy06",54142045,NA,"0","0","0","0",NA,NA,NA,"0","0"
"83","omy07",16963824,NA,"0","0","0","0","0","0","0","0","0"
"84","omy07",17341567,NA,"0","0","0","0","0","0","0","0","0"
"85","omy07",22047064,NA,"0","0","0",NA,"0","0","0",NA,NA
"86","omy07",28671028,NA,"0","0","0",NA,"0","0","0",NA,NA
"87","omy07",35322399,NA,"0","0","0","0","0","0","0","0",NA
"88","omy07",37637855,NA,"0","0","0","0","0","0","0","0","0"
"89","omy07",41138320,NA,"0","0","0","0","0","0","0","0","0"
"90","omy07",42428703,NA,"0","0","0","0","0","0","0","0","0"
"91","omy07",52534717,NA,"0","0","0","0","0","0","0","0","0"
"92","omy07",52534720,"0","0","0","0","0","0","0","0","0","0"
"93","omy07",52534729,"0","0","0","0","0","0","0","0","0","0"
"94","omy07",58933103,NA,"0","0","0",NA,"0","0","0","0","0"
"95","omy07",59297253,NA,"0","0","0","0","0","0","0","0","0"
"96","omy07",62769308,NA,"0","0","0","0","0","0","0","0","0"
"97","omy08",21967560,NA,NA,"0",NA,"0","0","0","0",NA,NA
"98","omy08",38312150,NA,"0","0","0","0","0","0",NA,NA,NA
"99","omy08",44683400,NA,"0","0","0","0","0","0","0",NA,NA
"100","omy08",46172838,NA,"0","0","0","0","0","0","0",NA,NA
"101","omy08",49470632,NA,"0","0","0","0","0","0",NA,NA,NA
"102","omy08",49605668,NA,"0","0","0","0","0","0","0",NA,NA
"103","omy08",49698260,NA,"0","0","0","0","0","0","0",NA,NA
"104","omy08",57603585,NA,NA,"0","0","0","0",NA,"0","0","0"
"105","omy08",66452475,NA,"0","0","0","0","0","0","0",NA,NA
"106","omy09",35358916,NA,"0","0","0","0","0","0","0","0","0"
"107","omy09",39204407,NA,"0","0","0","0","0","0","0","0","0"
"108","omy09",41096421,"0","0","0","0","0",NA,NA,NA,"0","0"
"109","omy09",41875420,NA,"0","0","0","0","0","0","0",NA,NA
"110","omy09",43089208,NA,"0","0","0","0","0","0","0","0","0"
"111","omy09",47879199,NA,NA,"0","0","0","0","0",NA,"0","0"
"112","omy09",48778052,NA,"0","0","0","0","0","0","0","0","0"
"113","omy10",10179165,NA,"0","0","0","0","0","0","0","0","0"
"114","omy10",13746612,NA,"0","0","0","0","0","0","0","0","0"
"115","omy10",23372575,NA,"0","0","0",NA,NA,NA,NA,"0","0"
"116","omy10",28870883,NA,"0","0","0","0","0","0","0","0","0"
"117","omy10",37844882,NA,"0","0","0",NA,NA,NA,NA,NA,NA
"118","omy10",38789837,NA,"0","0","0","0","0","0","0","0","0"
"119","omy10",41522111,NA,"0","0","0",NA,"0","0","0",NA,NA
"120","omy10",41522113,NA,"0","0","0",NA,"0","0","0",NA,NA
"121","omy10",52852343,NA,"0","0","0","0","0","0","0",NA,NA
"122","omy10",56109955,NA,"0","0","0","0","0","0","0","0","0"
"123","omy10",56110001,NA,"0","0","0","0","0","0","0","0","0"
"124","omy11",22842200,NA,NA,NA,NA,"0","0","0","0","0","0"
"125","omy11",43036201,NA,NA,NA,NA,"0","0","0","0","0","0"
"126","omy11",43256270,NA,"0","0","0","0","0","0","0","0","0"
"127","omy11",44896189,NA,"0","0","0","0","0","0","0","0","0"
"128","omy11",47964648,NA,"0","0","0","0",NA,NA,NA,"0","0"
"129","omy11",55414805,"0","0","0","0","0","0","0","0","0","0"
"130","omy11",55414851,"0","0","0","0","0","0","0","0","0","0"
"131","omy11",56657033,NA,"0","0","0","0",NA,NA,NA,"0","0"
"132","omy11",69814942,NA,"0","0","0","0","0","0","0","0","0"
"133","omy11",72863291,"0","0","0","0","0","0","0","0","0","0"
"134","omy12",12370212,NA,"0","0","0","0","0","0","0",NA,NA
"135","omy12",29032276,"0","0","0","0","0","0",NA,"0",NA,NA
"136","omy12",36835250,NA,"0","0",NA,NA,"0","0","0",NA,NA
"137","omy12",67400869,NA,"0","0","0","0","0","0","0",NA,NA
"138","omy13",30026362,NA,"0","0","0","0","0","0","0","0","0"
"139","omy13",30939718,NA,"0","0","0",NA,NA,NA,NA,"0","0"
"140","omy13",31342175,NA,"0","0","0","0","0","0","0","0","0"
"141","omy13",31551222,NA,NA,"0","0","0","0","0","0","0","0"
"142","omy13",31551273,NA,NA,"0","0","0","0","0","0","0","0"
"143","omy14",24725501,NA,"0","0","0","1","0",NA,"0","0","0"
"144","omy14",38029888,NA,"0","0","0","2","1","0","0","1","0"
"145","omy14",54408961,NA,"0","0","0","1","0","0","0","0","0"
"146","omy14",65897211,NA,"0","0","0","1","0","0","0","0","0"
"147","omy14",68774563,NA,"0","0","0","1",NA,NA,NA,"0","0"
"148","omy15",23098760,NA,"0","0","0","0","0","0","0","0","0"
"149","omy15",23098772,NA,"0","0","0","0","0","0","0","0","0"
"150","omy15",31409314,NA,"0","0","0","0","0","0","0","0","0"
"151","omy15",45278378,NA,"0","0","0","0","0","0","0","0","0"
"152","omy15",50365318,NA,"0","0","0","0","0","0","0","0","0"
"153","omy15",56472568,NA,NA,NA,NA,NA,"0","0","0","0","0"
"154","omy16",10950472,NA,"0","0","0","0","0","0","0","0","0"
"155","omy16",13286011,NA,"0","0","0","0","0","0","0","0","0"
"156","omy16",14472994,"0","0","0","0","0","0","0","0","0","0"
"157","omy16",20993476,NA,"0","0","0","0",NA,NA,NA,"0","0"
"158","omy16",21048419,NA,NA,NA,NA,"0","0","0","0","0","0"
"159","omy16",31087333,NA,"0","0","0",NA,"0","0","0","0",NA
"160","omy16",31087363,NA,"0","0","0",NA,"0","0","0","0",NA
"161","omy16",31087511,NA,"0","0","0",NA,"0","0","0","0","0"
"162","omy16",31087517,NA,"0","0","0","0","0","0","0","0","0"
"163","omy16",46950211,NA,NA,NA,NA,NA,"0","0","0",NA,NA
"164","omy16",55609764,NA,"0","0","0","0","0","0",NA,"0","0"
"165","omy16",58387219,NA,"0","0","0","0","0","0","0","0","0"
"166","omy16",62728477,NA,"0","0","0","0","0","0","0",NA,NA
"167","omy17",12307263,NA,"0","0","0",NA,"0","0","0",NA,NA
"168","omy17",22117267,NA,"0","0","0","0","0","0",NA,"0","0"
"169","omy17",29632126,NA,"1","0","0","0","0","0","0","0","0"
"170","omy17",34901337,NA,"1","0","0","0","0",NA,"0","0","0"
"171","omy17",45102174,NA,"0","0","0","0","0","0","0","0","0"
"172","omy17",46662320,NA,"0","0","0","0","0","0","0","0","0"
"173","omy17",47617709,NA,"0","0","0","0","0","0","0","0","0"
"174","omy17",54802062,NA,"0","0","0",NA,"0","0","0",NA,NA
"175","omy17",56342163,NA,"0","0","0","0","0","0","0",NA,NA
"176","omy17",57379818,NA,"0","0","0","0","0","0","0",NA,NA
"177","omy17",65070075,NA,"0","0","0","0","0","0","0",NA,NA
"178","omy17",65070161,NA,"0","0","0","0","0","0","0",NA,NA
"179","omy17",67518208,NA,"0","0","0",NA,"0",NA,"0",NA,NA
"180","omy18",14450194,NA,"0","0","0",NA,"0","0","0",NA,NA
"181","omy18",50210513,NA,"0","0","0","0",NA,NA,NA,"0","0"
"182","omy18",50904625,NA,"0","0","0","0","0","0","0","0","0"
"183","omy19",23742167,NA,"0","0","0","0",NA,NA,NA,"0","0"
"184","omy19",29042317,NA,"0","0","0","0","0","0","0","0","0"
"185","omy19",30899799,NA,"0","0","0",NA,NA,NA,NA,"0","0"
"186","omy19",55052285,NA,"0","0","0",NA,NA,NA,NA,NA,NA
"187","omy19",55052434,NA,"0","0","0","0","0","0","0","0",NA
"188","omy20",1851295,NA,"0","0","0",NA,"0","0","0",NA,NA
"189","omy20",26690158,NA,"0","0","0","0","0","0","0","0","0"
"190","omy20",26690182,NA,"0","0","0","0","0","0","0","0","0"
"191","omy20",27124796,NA,"0","0","0","0","0","0","0","0","0"
"192","omy20",27735481,NA,"0","0","0","0","0","0",NA,"0","1"
"193","omy20",28011588,NA,"0","0","0","0","0","0","0","0","0"
"194","omy20",36119662,NA,"0","0","0","1","0","0","0","0","0"
"195","omy21",18917936,NA,"0","0","0","0","0","0","0","0","0"
"196","omy21",18917948,NA,"0","0","0","0","0","0","0","0","0"
"197","omy21",29060401,NA,"0","0","0","0","0","0","0",NA,NA
"198","omy22",4508470,"0","0","0","0","0",NA,NA,NA,"0","0"
"199","omy22",13367088,NA,"0","0","0","0","0","0","0",NA,NA
"200","omy22",34629794,NA,"0","0","0","0","0","0","0",NA,NA
"201","omy22",42092578,NA,"0","0","0","0","0","0","0","0","0"
"202","omy22",42682686,NA,"0","0","0","0","0","0","0","0","0"
"203","omy22",42682728,NA,"0","0","0","0","0","0","0","0","0"
"204","omy23",3047245,NA,"0","0","0","0","0","0","0","0","0"
"205","omy23",3047247,NA,"0","0","0","0","0","0","0","0","0"
"206","omy23",8204168,NA,"0","0","0","0",NA,NA,NA,"0","0"
"207","omy23",15367855,NA,"0","0","0","0","0","0","0","0","0"
"208","omy23",16573458,NA,"0","0","0","0","0","0","0","0","0"
"209","omy23",18374493,NA,"0","0","0","0","0","0","0","0","0"
"210","omy24",4212079,"0","0","0","0","0","0","0","0","0","0"
"211","omy24",7807528,NA,"0","0","0",NA,"0","0","0","0","0"
"212","omy24",9302445,NA,"0","0","0","0","0","0","0","0","0"
"213","omy24",30361385,NA,"0","0","0",NA,"0","0","0","0","0"
"214","omy25",14571184,NA,"1","0","0","0","0","0","0","0","0"
"215","omy25",14955253,NA,"1","0","0","0","0","0","0","0","0"
"216","omy25",16823079,NA,"1","0","0","0","0","0","0","0","0"
"217","omy25",18166667,"0","1","0","0","0","0","0","0","0","0"
"218","omy25",23062305,NA,"1","0","0","0","0","0","0","0","0"
"219","omy25",28710409,NA,"0","0","0","0","0","0","0","0","0"
"220","omy25",28942600,NA,"0","0","0","0","0","0","0","0","0"
"221","omy25",30199344,NA,"0","0","0","0","0","0","0","0","0"
"222","omy25",64763263,NA,"0","0","0",NA,"0",NA,"0",NA,NA
"223","omy25",74349060,NA,"0","0","0",NA,"0","0","0",NA,NA
"224","omy26",812553,NA,"0","0","0",NA,"0",NA,"0",NA,NA
"225","omy26",2434926,NA,"0","0","0",NA,"0","0","0",NA,NA
"226","omy26",7780361,NA,"0","0","0","0","0","0","0","0","0"
"227","omy26",8597292,NA,"0","0","0",NA,"0","0","0","0","0"
"228","omy26",14706116,"0","0","0","0","0","0","0","0","0","0"
"229","omy26",15860014,NA,"0","0","0","0",NA,NA,NA,NA,NA
"230","omy26",16602851,NA,"0","0","0","0","0","0","0","0","0"
"231","omy26",19693041,NA,"0","0","0","0","0","0","0",NA,NA
"232","omy26",27933689,NA,"0","0","0","0","0","0","0",NA,NA
"233","omy27",7048495,NA,"0","0","0","0","0","0","0","0","0"
"234","omy27",7048498,NA,"0","0","0","0","0","0","0","0","0"
"235","omy27",7048503,NA,"0","0","0","0","0","0","0","0","0"
"236","omy27",8462944,"0","0","0","0","0","0","0","0","0","0"
"237","omy27",9625089,NA,"0","0","0","0","0","0","0","0","0"
"238","omy27",10097234,NA,"0","0","0",NA,"0","0","0","0","0"
"239","omy27",11842189,NA,"0","0","0","0","0","0","0","0","0"
"240","omy27",17485214,NA,"0","0","0","0","0","0","0","0","0"
"241","omy27",22991019,NA,"0","0","0","0","0","0","0","0",NA
"242","omy27",23491908,NA,"0","0","0","0","0","0","0","0","0"
"243","omy28",1053354,NA,"0","0","0",NA,"0","0","0",NA,NA
"244","omy28",10105424,NA,"0","0","0",NA,"0","0","0",NA,NA
"245","omy28",10426607,NA,"0","0","0",NA,"0","0","0",NA,NA
"246","omy28",11384656,NA,"0","0",NA,"0","0","0","0","0","0"
"247","omy28",15033293,NA,"0","0","0","0","0","0","0","0","0"
"248","omy28",31693854,NA,"0","0","0","0","0","0","0","0","0"
"249","omy29",10987928,NA,"0",NA,"0",NA,"0",NA,"0","0","0"
"250","omy29",13201825,NA,"0","0","0","0","0","0","0","0","0"
"251","omy29",13790106,NA,"0","0","0","0","0","0","0","0","0"
"252","omy29",28284505,NA,"0","0","0","0",NA,NA,NA,"0","0"
"253","omy29",29943031,NA,"0","0","0",NA,"0","0","0","0","0"
